epoch,train_ce,train_ntxent,train_acc,val_top1,val_map,val_chance,seconds
1,5.5841,3.3262,0.0160,0.5044,0.2885,0.0344,854.5
2,4.8362,2.7518,0.0495,0.7064,0.5017,0.0344,878.9
3,4.3328,2.5993,0.0735,0.7326,0.5436,0.0344,1415.1
4,3.9204,2.4691,0.1096,0.6919,0.4991,0.0344,956.7
5,3.6209,2.3921,0.1317,0.8023,0.6509,0.0344,474.6
6,3.3335,2.3152,0.1792,0.7965,0.6530,0.0344,474.3
7,3.0750,2.2950,0.2198,0.7922,0.6673,0.0344,466.8
8,2.9048,2.2510,0.2685,0.8110,0.6964,0.0344,476.7
9,2.7474,2.2162,0.3015,0.8125,0.6928,0.0344,489.0
10,2.6875,2.2140,0.3244,0.8052,0.6929,0.0344,489.4
